{"qid":{"0":0,"1":1,"2":2,"3":3,"4":4,"5":5,"6":6,"7":7,"8":8,"9":9,"10":10,"11":11,"12":12,"13":13,"14":14,"15":15,"16":16,"17":17,"18":18,"19":19,"20":20,"21":21,"22":22,"23":23,"24":24,"25":25,"26":26,"27":27,"28":28,"29":29,"30":30,"31":31,"32":32,"33":33,"34":34,"35":35,"36":36,"37":37,"38":38,"39":39,"40":40,"41":41,"42":42,"43":43,"44":44,"45":45,"46":46,"47":47,"48":48,"49":49,"50":50,"51":51,"52":52,"53":53,"54":54,"55":55,"56":56,"57":57,"58":58,"59":59,"60":60,"61":61,"62":62,"63":63,"64":64,"65":65,"66":66,"67":67,"68":68,"69":69,"70":70,"71":71,"72":72,"73":73,"74":74,"75":75,"76":76,"77":77,"78":78,"79":79,"80":80,"81":81,"82":82,"83":83,"84":84,"85":85,"86":86,"87":87,"88":88,"89":89,"90":90,"91":91,"92":92,"93":93,"94":94,"95":95,"96":96,"97":97,"98":98,"99":99,"100":100,"101":101,"102":102,"103":103,"104":104,"105":105,"106":106,"107":107,"108":108,"109":109,"110":110,"111":111,"112":112,"113":113,"114":114,"115":115,"116":116,"117":117,"118":118,"119":119,"120":120,"121":121,"122":122,"123":123,"124":124,"125":125,"126":126,"127":127,"128":128,"129":129,"130":130,"131":131,"132":132,"133":133,"134":134,"135":135,"136":136,"137":137,"138":138,"139":139,"140":140,"141":141,"142":142,"143":143,"144":144,"145":145,"146":146,"147":147,"148":148,"149":149,"150":150,"151":151,"152":152,"153":153,"154":154,"155":155,"156":156,"157":157,"158":158,"159":159,"160":160,"161":161,"162":162,"163":163,"164":164,"165":165,"166":166,"167":167,"168":168,"169":169,"170":170,"171":171,"172":172,"173":173,"174":174,"175":175,"176":176,"177":177,"178":178},"Display":{"0":"You can choose not to answer any question at any time. This survey will take approximately 15 to 20 minutes to complete.","1":"In the past month, have recommendations for socially distancing caused stress for you?","2":"Thinking about your current social habits, in the last 5 days:\n I have stayed home all day.","3":"Thinking about your current social habits, in the last 5 days:\n I have gone to my workplace or volunteer site that is outside my home.","4":"Thinking about your current social habits, in the last 5 days:\n I have attended social gatherings outside my home of MORE than 10 people.","5":"Thinking about your current social habits, in the last 5 days:\n I have attended social gatherings outside my home of LESS than 10 people.","6":"Thinking about your current social habits, in the last 5 days:\n I have gone on shopping trips or outings that were \"just for fun\".","7":"Thinking about your current social habits, in the last 5 days:\n I have visited nursing homes or long-term care facilities (outside of work duties).","8":"Thinking about your current social habits, in the last 5 days:\n I have been in close contact with someone who is in a risk group for COVID-19 (adults age 50+, people with chronic medical conditions like heart, lung, liver, or kidney disease, diabetes, high blood pressure, or a suppressed immune system). This includes someone inside or outside of your household.","9":"Thinking about these activities in the last 5 days, my social interaction with people outside my home was","10":"Now, thinking about the COVID-19 recommendations and mandates...How often in the past month are you doing the recommended pandemic hygiene, like washing hands frequently, avoiding touching your face, covering coughs, wearing a mask, and avoiding frequently touched surfaces in public places?","11":"In the past month, have you been sick for more than one day with a new illness related to COVID-19 or flu-like symptoms?","12":"Approximate date of onset","13":"Which of the following symptoms did you have? (select all that apply)","14":"Have you EVER been near someone that you know or suspect had COVID-19 (such as co-workers, family members, or others)? Please select all that apply.","15":"Do you think you have had COVID-19?","16":"Were you tested for COVID-19 in the past month?","17":"Was the test for COVID-19 positive?","18":"How were you tested? Please select all that apply.","19":"Were you tested for influenza (flu) in the past month?","20":"In the past month, if you were sick with COVID-19 symptoms, how did you receive treatment(s)? Please select all that apply.","21":"What breathing treatment did you receive? Please select all that apply.","22":"Please specify.","23":"In the past 7 days, I thought about COVID-19 when I didn't mean to.","24":"In the past 7 days, I felt watchful or on-guard.","25":"In the past 7 days, other things kept making me think about COVID-19.","26":"In the past 7 days, I was aware that I still had a lot of feelings about COVID-19, but I didn't deal with them.","27":"In the past 7 days, I tried not to think about COVID-19.","28":"In the past 7 days, I had trouble concentrating.","29":"In the past month, how has the COVID-19 outbreak affected you? Please select all that apply.","30":"In the past month, have you experienced the following as a result of COVID-19? Please select all that apply.","31":"In the past month, have the following behaviors increased in your household? Please select all that apply.","32":"In the past month, to cope with social distancing and isolation, are you doing any of the following? Please select all that apply.","33":"Choose the answer that best describes how you felt in the past month.\n In uncertain times, I usually expect the best.","34":"Choose the answer that best describes how you felt in the past month.\n In general, how happy are you?","35":"Choose the answer that best describes how you felt in the past month.\n To what extent do you feel your life to be meaningful?","36":"Not including yourself, how many other people live at home with you?","37":"Think of other people who live with you. How many are under the age of 18 years?","38":"What type of household do you live in?","39":"Please specify.","40":"What is your current employment status? Please select all that apply.","41":"Are you covered by health insurance or some other kind of health care plan?","42":"Are you currently covered by any of the following types of health insurance or health care plans? Select all that apply.","43":"Please specify.","44":"Are you currently on chemotherapy or immunotherapy?","45":"Do you regularly take immunosuppressant medications (including steroids, methotrexate, biologic agents)?","46":"What is your current marital status?","47":"Are you currently pregnant?","48":"Choose the answer that best describes how often you can find this kind of support in the past month.\n Someone to help you if you were confined to bed","49":"Choose the answer that best describes how often you can find this kind of support in the past month.\n Someone to take you to the doctor if you needed it","50":"Choose the answer that best describes how often you can find this kind of support in the past month.\n Someone to prepare your meals if you were unable to do it yourself","51":"Choose the answer that best describes how often you can find this kind of support in the past month.\n Someone to help with daily chores if you were sick","52":"Choose the answer that best describes how often you can find this kind of support in the past month.\n Someone to have a good time with","53":"Choose the answer that best describes how often you can find this kind of support in the past month.\n Someone to turn to for suggestions about how to deal with a personal problem","54":"Choose the answer that best describes how often you can find this kind of support in the past month.\n Someone who understands your problems","55":"Choose the answer that best describes how often you can find this kind of support in the past month.\n Someone to love and make you feel wanted","56":"Choose the answer that best describes how often you can find this kind of support in the past month.\n Someone to confide in or talk to about yourself or your problems","57":"Choose the answer that best describes how often you can find this kind of support in the past month.\n Someone to do things with to help you get your mind off things","58":"In the past 2 weeks, how often have you been bothered by the following problem?\n Feeling nervous, anxious, or on edge","59":"In the past 2 weeks, how often have you been bothered by the following problem?\n Not being able to stop or control worrying","60":"In the past 2 weeks, how often have you been bothered by the following problem?\n Worrying too much about different things","61":"In the past 2 weeks, how often have you been bothered by the following problem?\n Trouble relaxing","62":"In the past 2 weeks, how often have you been bothered by the following problem?\n Being so restless that it's hard to sit still","63":"In the past 2 weeks, how often have you been bothered by the following problem?\n Becoming easily annoyed or irritable","64":"In the past 2 weeks, how often have you been bothered by the following problem?\n Feeling afraid as if something awful might happen","65":"In the past 2 weeks, how often have you been bothered by:\n Little interest or pleasure in doing things","66":"In the past 2 weeks, how often have you been bothered by:\n Feeling down, depressed, or hopeless","67":"In the past 2 weeks, how often have you been bothered by:\n Trouble falling or staying asleep, or sleeping too much","68":"In the past 2 weeks, how often have you been bothered by:\n Feeling tired or having little energy","69":"In the past 2 weeks, how often have you been bothered by:\n Poor appetite or overeating","70":"In the past 2 weeks, how often have you been bothered by:\n Feeling bad about yourself or that you are a failure or have let yourself or your family down","71":"In the past 2 weeks, how often have you been bothered by:\n Trouble concentrating on things, such as reading the newspaper or watching television","72":"In the past 2 weeks, how often have you been bothered by:\n Moving or speaking so slowly that other people could have noticed? Or the opposite - being so fidgety or restless that you have been moving around a lot more than usual","73":"In the past 2 weeks, how often have you been bothered by:\n Thoughts that you would be better off dead or of hurting yourself in some way","74":"If this is how you feel, think about getting help. There are people who can help 24\/7.\n \n <a href=\"sms:741741\">Text the Crisis Text Line at 741741<\/a> or <a href=\"tel:1-800-273-8255\">Call the National Suicide Prevention Lifeline at 1-800-273-8255.<\/a>","75":"In the last month, how often have you been upset because of something that happened unexpectedly?","76":"In the last month, how often have you felt that you were unable to control the important things in your life?","77":"In the last month, how often have you felt nervous and \"stressed?\"","78":"In the last month, how often have you felt confident about your ability to handle your personal problems?","79":"In the last month, how often have you felt that things were going your way?","80":"In the last month, how often have you found that you could not cope with all the things that you had to do?","81":"In the last month, how often have you been able to control irritations in your life?","82":"In the last month, how often have you felt that you were on top of things?","83":"In the last month, how often have you been angered because of things that were outside of your control?","84":"In the last month, how often have you felt difficulties were piling up so high that you could not overcome them?","85":"Think about all the vigorous activities that you did in the last 7 days. Vigorous physical activities refer to activities that take hard physical effort and make you breathe much harder than normal. Think only about those physical activities that you did for at least 10 minutes at a time.\n \n During the last 7 days, did you do vigorous physical activities like heavy lifting, digging, aerobics, or fast bicycling?","86":"How many days per week?","87":"How much time did you usually spend doing vigorous physical activities on one of those days (hours per day)?","88":"How much time did you usually spend doing vigorous physical activities on one of those days (minutes per day)?","89":"Think about all the moderate activities that you did in the last 7 days. Moderate activities refer to activities that take moderate physical effort and make you breathe somewhat harder than normal. Think only about those physical activities that you did for at least 10 minutes at a time.\n \n During the last 7 days, did you do moderate physical activity like carrying light loads, bicycling at a regular pace, or doubles tennis?","90":"How many days per week?","91":"How much time did you usually spend doing moderate physical activities on one of those days (hours per day)?","92":"How much time did you usually spend doing moderate physical activities on one of those those days (minutes per day)?","93":"Think about the time you spent walking in the last 7 days. This includes at work and at home, walking to travel from place to place, and any other walking that you have done solely for recreation, sport, exercise, or leisure.\n \n During the last 7 days, did you walk for at least 10 minutes at a time?","94":"How many days per week?","95":"How much time did you usually spend walking on one of those days (hours per day)?","96":"How much time did you usually spend walking on one of those days (minutes per day)?","97":"The last question is about the time you spent sitting on weekdays during the last 7 days. Include time spent at work, at home, while doing course work and during leisure time. This may include time spent sitting at a desk, visiting friends, reading, or sitting or lying down to watch television.\n \n During the last 7 days, how much time did you spend sitting on a weekday?","98":"Hours per day","99":"Minutes per day","100":"Choose the answer that is true for you in the past month.\n I lack companionship","101":"Choose the answer that is true for you in the past month.\n There is no one I can turn to","102":"Choose the answer that is true for you in the past month.\n I am an outgoing person","103":"Choose the answer that is true for you in the past month.\n I feel left out","104":"Choose the answer that is true for you in the past month.\n I feel isolated from others","105":"Choose the answer that is true for you in the past month.\n I can find companionship when I want it","106":"Choose the answer that is true for you in the past month.\n I am unhappy being so withdrawn","107":"Choose the answer that is true for you in the past month.\n People are around me but not with me","108":"In the past month:\n Did you smoke tobacco\/nicotine (including cigarettes, cigar, cigarillos, pipes, hookah) every day, some days, or not at all?","109":"How long has it been since you last smoked?","110":"Enter the number of weeks","111":"Enter the number of months","112":"Enter the number of years","113":"In the past month:\n Did someone in your home smoke tobacco\/nicotine (including cigarettes, cigar, cigarillos, pipes, hookah) every day, some days, or not at all?","114":"In the past month:\n Did you use any type of electronic nicotine product? This includes e- cigarettes, vape pens, hookah pens, personal vaporizers and mods, e-cigars, e-pipes, and e-hookahs.","115":"How long has it been since you last used an electronic nicotine product?","116":"Enter the number of weeks","117":"Enter the number of months","118":"Enter the number of years","119":"In the past month:\n How often do you have a drink containing alcohol?","120":"In the past month:\n How many standard drinks containing alcohol do you have on a typical day?","121":"In the past month:\n How often do you have six or more drinks containing alcohol on one occasion?","122":"In the past month, have you used any of the following drugs? Select all that apply.","123":"How often did you use cannabis?","124":"Did your use include smoking cannabis?","125":"Do you think you have used more or less cannabis in the past month than you used to?","126":"How often did you use synthetic marijuana or fake weed?","127":"Did your use include smoking synthetic marijuana or fake weed?","128":"Do you think you have used more or less synthetic marijuana or fake weed in the past month than you used to?","129":"How often did you use cocaine?","130":"Did your use include smoking cocaine?","131":"Do you think you have used more or less cocaine in the past month than you used to?","132":"How often did you use prescription stimulants?","133":"Did you use prescription stimulants in any way a doctor did not direct you to use it?","134":"Do you think you have used more or less prescription stimulants in the past month than you used to?","135":"How often did you use methamphetamine?","136":"Did your use include smoking methamphetamine?","137":"Do you think you have used more or less methamphetamine in the past month than you used to?","138":"How often did you use synthetic stimulants?","139":"Did your use include smoking synthetic stimulants?","140":"Do you think you have used more or less synthetic stimulants in the past month than you used to?","141":"How often did you use inhalants?","142":"Do you think you have used more or less inhalants in the past month than you used to?","143":"How often did you use prescription sedatives or prescription sleeping pills?","144":"Did you use prescription sedatives or prescription sleeping pills in any way a doctor did not direct you to use it?","145":"Do you think you have used more or less prescription sedatives or prescription sleeping pills in the past month than you used to?","146":"How often did you use hallucinogens?","147":"Did your use include smoking hallucinogens?","148":"Do you think you have used more or less hallucinogens in the past month than you used to?","149":"How often did you use heroin?","150":"Did your use include smoking heroin?","151":"Do you think you have used more or less heroin in the past month than you used to?","152":"Did you use prescription opioids in any way a doctor did not direct you to use it?","153":"How often did you use prescription opioids?","154":"Did your use include smoking prescription opioids?","155":"Do you think you have used more or less prescription opioids in the past month than you used to?","156":"Other substance - please specify","157":"How often did you use the other substance?","158":"Did your use include smoking the other substance?","159":"Do you think you have used more or less of the other substance in the past month than you used to?","160":"Please select the response that best reflects your behavior in the past month.\n I look for creative ways to alter difficult situations.","161":"Please select the response that best reflects your behavior in the past month.\n Regardless of what happens to me, I believe I can control my reaction to it.","162":"Please select the response that best reflects your behavior in the past month.\n I believe I can grow in positive ways by dealing with difficult situations.","163":"Please select the response that best reflects your behavior in the past month.\n I actively look for ways to replace the losses I encounter in life.","164":"In your day-to-day life, how often did this happen to you during the past month?\n You are treated with less courtesy than other people are.","165":"In your day-to-day life, how often did this happen to you during the past month?\n You are treated with less respect than other people are.","166":"In your day-to-day life, how often did this happen to you during the past month?\n You receive poorer service than other people at restaurants or stores.","167":"In your day-to-day life, how often did this happen to you during the past month?\n People act as if they think you are not smart.","168":"In your day-to-day life, how often did this happen to you during the past month?\n People act as if they are afraid of you.","169":"In your day-to-day life, how often did this happen to you during the past month?\n People act as if they think you are dishonest.","170":"In your day-to-day life, how often did this happen to you during the past month?\n People act as if they're better than you are.","171":"In your day-to-day life, how often did this happen to you during the past month?\n You are called names or insulted.","172":"In your day-to-day life, how often did this happen to you during the past month?\n You are threatened or harassed.","173":"What do you think is the main reason for these experiences? Select all that apply.","174":"Other reason - please specify.","175":"How many times were you tested?","176":"Do you personally know someone who has died of COVID-19?","177":"Who do you know who has died? Check all that apply.","178":"Please specify."},"Answer Type":{"0":"single-select","1":"Single-select","2":"Single-select","3":"Single-select","4":"Single-select","5":"Single-select","6":"Single-select","7":"Single-select","8":"Single-select","9":"Single-select","10":"Single-select","11":"Single-select","12":"Date","13":"Multi-select","14":"Multi-select","15":"single-select","16":"single-select","17":"single-select","18":"multi-select","19":"single-select","20":"multi-select","21":"multi-select","22":"text","23":"single-select","24":"single-select","25":"single-select","26":"single-select","27":"single-select","28":"single-select","29":"multi-select","30":"multi-select","31":"multi-select","32":"multi-select","33":"single-select","34":"single-select","35":"single-select","36":"Integer","37":"Integer","38":"single-select","39":"text","40":"multi-select","41":"single-select","42":"multi-select","43":"text","44":"single-select","45":"single-select","46":"single-select","47":"single-select","48":"single-select","49":"single-select","50":"single-select","51":"single-select","52":"single-select","53":"single-select","54":"single-select","55":"single-select","56":"single-select","57":"single-select","58":"single-select","59":"single-select","60":"single-select","61":"single-select","62":"single-select","63":"single-select","64":"single-select","65":"single-select","66":"single-select","67":"single-select","68":"single-select","69":"single-select","70":"single-select","71":"single-select","72":"single-select","73":"single-select","74":"descriptive","75":"single-select","76":"single-select","77":"single-select","78":"single-select","79":"single-select","80":"single-select","81":"single-select","82":"single-select","83":"single-select","84":"single-select","85":"single-select","86":"Integer","87":"Integer","88":"Integer","89":"single-select","90":"Integer","91":"Integer","92":"Integer","93":"single-select","94":"Integer","95":"Integer","96":"Integer","97":"single-select","98":"Integer","99":"Integer","100":"single-select","101":"single-select","102":"single-select","103":"single-select","104":"single-select","105":"single-select","106":"single-select","107":"single-select","108":"single-select","109":"single-select","110":"Integer","111":"Integer","112":"Integer","113":"single-select","114":"single-select","115":"single-select","116":"Integer","117":"Integer","118":"Integer","119":"single-select","120":"single-select","121":"single-select","122":"multi-select","123":"single-select","124":"single-select","125":"single-select","126":"single-select","127":"single-select","128":"single-select","129":"single-select","130":"single-select","131":"single-select","132":"single-select","133":"single-select","134":"single-select","135":"single-select","136":"single-select","137":"single-select","138":"single-select","139":"single-select","140":"single-select","141":"single-select","142":"single-select","143":"single-select","144":"single-select","145":"single-select","146":"single-select","147":"single-select","148":"single-select","149":"single-select","150":"single-select","151":"single-select","152":"single-select","153":"single-select","154":"single-select","155":"single-select","156":"text","157":"single-select","158":"single-select","159":"single-select","160":"single-select","161":"single-select","162":"single-select","163":"single-select","164":"single-select","165":"single-select","166":"single-select","167":"single-select","168":"single-select","169":"single-select","170":"single-select","171":"single-select","172":"single-select","173":"multi-select","174":"text","175":"single-select","176":"single-select","177":"multi-select","178":"text"},"answers":{"0":null,"1":["None of the days (0 days)","A few days (1-2 days)","Most days (3-4 days)","Every day"],"2":["None of the days (0 days)","A few days (1-2 days)","Most days (3-4 days)","Every day"],"3":["None of the days (0 days)","A few days (1-2 days)","Most days (3-4 days)","Every day"],"4":["None of the days (0 days)","A few days (1-2 days)","Most days (3-4 days)","Every day"],"5":["None of the days (0 days)","A few days (1-2 days)","Most days (3-4 days)","Every day"],"6":["None of the days (0 days)","A few days (1-2 days)","Most days (3-4 days)","Every day"],"7":["None of the days (0 days)","A few days (1-2 days)","Most days (3-4 days)","Every day"],"8":["None of the days (0 days)","A few days (1-2 days)","Most days (3-4 days)","Every day"],"9":["A lot less than normal","Somewhat less than normal","About the same as normal","More than normal","A lot more than normal"],"10":["All of the time","Most of the time","Sometimes","Rarely"],"11":["Yes","No"],"12":"date","13":["Nausea","Diarrhea","Loss of smell or taste","Unusually hoarse voice","Skipping meals","Unusual abdominal pain or stomachache","Difficulty breathing or shortness of breath","Cough","Unusual eye soreness or discomfort (e.g.","Unusual chest pain or tightness in your chest","Runny or stuffy nose","Unusually strong muscle pains\/aches","A fever\/feverish","Unusual fatigue","Dizziness or light-headedness","Sore or painful throat","Headache","Confusion, disorientation, or drowsiness","Raised, red, itchy, welts on the skin or sudden swelling of the face or lips","Red\/purple sores or blisters on your feet, including your toes"],"14":["Yes, known COVID-19","Not that I know of","Yes, suspected COVID-19"],"15":["Yes","No","Not Sure","Prefer Not to Answer"],"16":["Yes","No","Not Sure","Prefer Not to Answer"],"17":["Yes","No","Unknown","Waiting for Results"],"18":["Throat Swab","Nasal swab","Blood Sample"],"19":["Yes","No","Not Sure","Prefer Not to Answer"],"20":["I recovered at home","I didn't, I wasn't sick","I spoke with a healthcare professional and wasn't admitted to the hospital","I was admitted to the hospital for at least one night"],"21":["A breathing machine (ventilator) with a tube down my throat","Oxygen (through an oxygen mask or tube under my nose","I did not receive breathing treatment","Oxygen (through an oxygen mask"],"22":null,"23":["Not at all","A little bit","Moderately","Quite a bit","Extremely"],"24":["Not at all","A little bit","Moderately","Quite a bit","Extremely"],"25":["Not at all","A little bit","Moderately","Quite a bit","Extremely"],"26":["Not at all","A little bit","Moderately","Quite a bit","Extremely"],"27":["Not at all","A little bit","Moderately","Quite a bit","Extremely"],"28":["Not at all","A little bit","Moderately","Quite a bit","Extremely"],"29":["Worked more hours than usual","Worked reduced hours","Worked remotely or from home more than you usually do","Incurred increased costs for childcare expenses","Not paid at all","Income or pay has been reduced","Worked with children at home with me","I became unemployed","Had serious financial problems","Was not able to work due to COVID-19 related illness","Had difficulty arranging for childcare"],"30":["Not enough money to pay for medications","Not enough money to pay rent","Did not have a regular place to sleep or stay","Not enough money to pay for gas","Not enough money to pay for food"],"31":["Interpersonal conflict with friends or coworkers","Interpersonal conflict with family members or loved ones","Snapping at or yelling at family members"],"32":["Using cannabis or marijuana more than usual","Smoking more cigarettes or vaping more","Increasing watching, reading, or listening to news stories, including social media","Eating high fat or sugary foods more than usual","Eating more food than usual","Cutting or self-injury more than usual","Over exercise","Taking care of your body, such as taking deep breaths, stretching, or meditating","Making time to relax","Eating less food than usual","Contacting a healthcare provider","Using non-prescription drugs more than usual","Connecting with others, including talking with people you trust about your concerns and how you are feeling","Using prescription drugs (like valium","Drinking alcohol more than usual","Taking breaks from watching, reading, or listening to news stories, including social media","Engaging in healthy behaviors like trying to eat healthy, well-balanced meals, exercising regularly, getting plenty of sleep","Delaying medical care for conditions other than COVID-19"],"33":["I disagree a lot","I agree a little","I disagree a little","I agree a lot","I neither agree nor disagree"],"34":["Very unhappy","Extremely unhappy","Extremely happy","Moderately unhappy","Very happy","Moderately happy"],"35":["Very much","An extreme amount","A moderate amount"],"36":[0,1,2,3,4,5,6,7,8,9,10,11,12,13,14],"37":[0,1,2,3,4,5,6,7,8,9,10,11,12,13],"38":["Studio","One-bedroom apartment","Two-bedroom apartment","Three-bedroom (or more) apartment","Townhouse","Free-standing house","Nursing home","Homeless"],"39":"text","40":["Employed for wages (part- time or full-time)","Unable to work (disabled)","A homemaker","Out of work for 1 year or more","Self-employed","Retired","A student","Out of work for less than 1 year"],"41":"text","42":["TRICARE or other military health care","Medicaid, Medical Assistance, or any kind of government-assistance plan for those with low incomes or disability","Insurance purchased directly from an insurance company (by you or another family member)","Veterans Affairs (VA) (including those who have ever used or enrolled for VA health care)","Medicare, for people 65 and older or people with certain disabilities","Any other type of health insurance or health coverage plan","I don't have health insurance","Insurance through a current or former employer or union (by you or another family member)","Indian Health Service"],"43":"text","44":["Yes","No"],"45":["Yes","No"],"46":["Living with partner","Married","Divorced","Never married","Separated","Widowed"],"47":["Yes","No","Not Sure","Prefer Not to Answer"],"48":["All of the time","Most of the time","Some of the time","A little of the time","None of the time"],"49":["All of the time","Most of the time","Some of the time","A little of the time","None of the time"],"50":["All of the time","Most of the time","Some of the time","A little of the time","None of the time"],"51":["All of the time","Most of the time","Some of the time","A little of the time","None of the time"],"52":["All of the time","Most of the time","Some of the time","A little of the time","None of the time"],"53":["All of the time","Most of the time","Some of the time","A little of the time","None of the time"],"54":["All of the time","Most of the time","Some of the time","A little of the time","None of the time"],"55":["All of the time","Most of the time","Some of the time","A little of the time","None of the time"],"56":["All of the time","Most of the time","Some of the time","A little of the time","None of the time"],"57":["All of the time","Most of the time","Some of the time","A little of the time","None of the time"],"58":["Not at all","Several days","Over half of the days","Nearly every day"],"59":["Not at all","Several days","Over half of the days","Nearly every day"],"60":["Not at all","Several days","Over half of the days","Nearly every day"],"61":["Not at all","Several days","Over half of the days","Nearly every day"],"62":["Not at all","Several days","Over half of the days","Nearly every day"],"63":["Not at all","Several days","Over half of the days","Nearly every day"],"64":["Not at all","Several days","Over half of the days","Nearly every day"],"65":["Not at all","Several Days","More than half the days","Nearly every day"],"66":["Not at all","Several Days","More than half the days","Nearly every day"],"67":["Not at all","Several Days","More than half the days","Nearly every day"],"68":["Not at all","Several Days","More than half the days","Nearly every day"],"69":["Not at all","Several Days","More than half the days","Nearly every day"],"70":["Not at all","Several Days","More than half the days","Nearly every day"],"71":["Not at all","Several Days","More than half the days","Nearly every day"],"72":["Not at all","Several Days","More than half the days","Nearly every day"],"73":["Not at all","Several Days","More than half the days","Nearly every day"],"74":null,"75":["Never","Almost Never","Sometimes","Fairly Often","Very Often"],"76":["Never","Almost Never","Sometimes","Fairly Often","Very Often"],"77":["Never","Almost Never","Sometimes","Fairly Often","Very Often"],"78":["Never","Almost Never","Sometimes","Fairly Often","Very Often"],"79":["Never","Almost Never","Sometimes","Fairly Often","Very Often"],"80":["Never","Almost Never","Sometimes","Fairly Often","Very Often"],"81":["Never","Almost Never","Sometimes","Fairly Often","Very Often"],"82":["Never","Almost Never","Sometimes","Fairly Often","Very Often"],"83":["Never","Almost Never","Sometimes","Fairly Often","Very Often"],"84":["Never","Almost Never","Sometimes","Fairly Often","Very Often"],"85":["Yes","No"],"86":[1,2,3,4,5,6,7],"87":[0,1,2,3,4,5,6,7,8,9,10,11,12,13,14,15,16,17,18,19,20,21,22,23],"88":[0,1,2,3,4,5,6,7,8,9,10,11,12,13,14,15,16,17,18,19,20,21,22,23,24,25,26,27,28,29,30,31,32,33,34,35,36,37,38,39,40,41,42,43,44,45,46,47,48,49,50,51,52,53,54,55,56,57,58,59],"89":["Yes","No"],"90":[1,2,3,4,5,6,7],"91":[0,1,2,3,4,5,6,7,8,9,10,11,12,13,14,15,16,17,18,19,20,21,22,23],"92":[0,1,2,3,4,5,6,7,8,9,10,11,12,13,14,15,16,17,18,19,20,21,22,23,24,25,26,27,28,29,30,31,32,33,34,35,36,37,38,39,40,41,42,43,44,45,46,47,48,49,50,51,52,53,54,55,56,57,58,59],"93":["Yes","No"],"94":[1,2,3,4,5,6,7],"95":[0,1,2,3,4,5,6,7,8,9,10,11,12,13,14,15,16,17,18,19,20,21,22,23],"96":[0,1,2,3,4,5,6,7,8,9,10,11,12,13,14,15,16,17,18,19,20,21,22,23,24,25,26,27,28,29,30,31,32,33,34,35,36,37,38,39,40,41,42,43,44,45,46,47,48,49,50,51,52,53,54,55,56,57,58,59],"97":null,"98":[0,1,2,3,4,5,6,7,8,9,10,11,12,13,14,15,16,17,18,19,20,21,22,23],"99":[0,1,2,3,4,5,6,7,8,9,10,11,12,13,14,15,16,17,18,19,20,21,22,23,24,25,26,27,28,29,30,31,32,33,34,35,36,37,38,39,40,41,42,43,44,45,46,47,48,49,50,51,52,53,54,55,56,57,58,59],"100":["Never","Rarely","Sometimes","Often"],"101":["Never","Rarely","Sometimes","Often"],"102":["Never","Rarely","Sometimes","Often"],"103":["Never","Rarely","Sometimes","Often"],"104":["Never","Rarely","Sometimes","Often"],"105":["Never","Rarely","Sometimes","Often"],"106":["Never","Rarely","Sometimes","Often"],"107":["Never","Rarely","Sometimes","Often"],"108":["Yes, Every day","Yes, Some days","Not currently, but in the past","No, Never","Prefer not to answer"],"109":null,"110":[0,1,2,3],"111":[0,1,2,3,4,5,6,7,8,9,10,11],"112":[0,1,2,3,4,5,6,7,8,9,10,11,12,13,14,15,16,17,18,19,20,21,22,23,24,25,26,27,28,29,30,31,32,33,34,35,36,37,38,39,40,41,42,43,44,45,46,47,48,49,50,51,52,53,54,55,56,57,58,59,60,61,62,63,64,65,66,67,68,69,70,71,72,73,74,75,76,77,78,79,80,81,82,83,84,85,86,87,88,89,90,91,92,93,94,95,96,97,98,99],"113":["Yes, Every day","Yes, Some days","Not currently, but in the past","No, Never","Prefer not to answer"],"114":["Yes, Every day","Yes, Some days","Not currently, but in the past","No, Never","Prefer not to answer"],"115":null,"116":[0,1,2,3],"117":[0,1,2,3,4,5,6,7,8,9,10,11],"118":[0,1,2,3,4,5,6,7,8,9,10,11,12,13,14,15,16,17,18,19,20,21,22,23,24,25,26,27,28,29,30,31,32,33,34,35,36,37,38,39,40,41,42,43,44,45,46,47,48,49,50,51,52,53,54,55,56,57,58,59,60,61,62,63,64,65,66,67,68,69,70,71,72,73,74,75,76,77,78,79,80,81,82,83,84,85,86,87,88,89,90,91,92,93,94,95,96,97,98,99],"119":["Never","Montly or less","2-4 times a month","2-3 times a week","4 or more times a week","Prefer not to answer"],"120":["1 or 2","3 or 4","5 or 6","7 to 9","10 or more","Prefer not to answer"],"121":["Never","Less than monthly","Monthly","Weekly","Daily or almost daily","Prefer not to answer"],"122":["Cannabis (also called marijuana","Synthetic marijuana or fake weed (also called K2 or Spice)","Cocaine (also called coke","Prescription stimulants (for example","Methamphetamine (also called meth","Synthetic stimulants (also called bath salts","Inhalants (for example","Prescription sedatives or prescription sleeping pills (for example","Hallucinogens (for example","Heroin","Prescription opioids (for example","None"],"123":["Only a few times","1-3 times per month","1-5 times per week","Daily"],"124":["Yes","No"],"125":["Less often than usual","The same as usual","More often than usual"],"126":["Only a few times","1-3 times per month","1-5 times per week","Daily"],"127":["Yes","No"],"128":["Less often than usual","The same as usual","More often than usual"],"129":["Only a few times","1-3 times per month","1-5 times per week","Daily"],"130":["Yes","No"],"131":["Less often than usual","The same as usual","More often than usual"],"132":["Only a few times","1-3 times per month","1-5 times per week","Daily"],"133":["Yes","No","None","Prefer not to answer"],"134":["Less often than usual","The same as usual","More often than usual"],"135":["Only a few times","1-3 times per month","1-5 times per week","Daily"],"136":["Yes","No"],"137":["Less often than usual","The same as usual","More often than usual"],"138":["Only a few times","1-3 times per month","1-5 times per week","Daily"],"139":["Yes","No"],"140":["Less often than usual","The same as usual","More often than usual"],"141":["Only a few times","1-3 times per month","1-5 times per week","Daily"],"142":["Less often than usual","The same as usual","More often than usual"],"143":["Only a few times","1-3 times per month","1-5 times per week","Daily"],"144":["Yes","No","None","Prefer not to answer"],"145":["Less often than usual","The same as usual","More often than usual"],"146":["Only a few times","1-3 times per month","1-5 times per week","Daily"],"147":["Yes","No"],"148":["Less often than usual","The same as usual","More often than usual"],"149":["Only a few times","1-3 times per month","1-5 times per week","Daily"],"150":["Yes","No"],"151":["Less often than usual","The same as usual","More often than usual"],"152":["Yes","No","None","Prefer not to answer"],"153":["Only a few times","1-3 times per month","1-5 times per week","Daily"],"154":["Yes","No"],"155":["Less often than usual","The same as usual","More often than usual"],"156":["drug1","drug2","drug3"],"157":["Only a few times","1-3 times per month","1-5 times per week","Daily"],"158":["Yes","No"],"159":["Less often than usual","The same as usual","More often than usual"],"160":["Does not describe me at all","Does not describe me Neutral","Describes me","Describes me very well"],"161":["Does not describe me at all","Does not describe me Neutral","Describes me","Describes me very well"],"162":["Does not describe me at all","Does not describe me Neutral","Describes me","Describes me very well"],"163":["Does not describe me at all","Does not describe me Neutral","Describes me","Describes me very well"],"164":["Almost everyday","At least once a week","A few times a month","Never"],"165":["Almost everyday","At least once a week","A few times a month","Never"],"166":["Almost everyday","At least once a week","A few times a month","Never"],"167":["Almost everyday","At least once a week","A few times a month","Never"],"168":["Almost everyday","At least once a week","A few times a month","Never"],"169":["Almost everyday","At least once a week","A few times a month","Never"],"170":["Almost everyday","At least once a week","A few times a month","Never"],"171":["Almost everyday","At least once a week","A few times a month","Never"],"172":["Almost everyday","At least once a week","A few times a month","Never"],"173":["Your gender","Some other aspect of your physical appearance","Your ancestry or national origins","Your education or income level","Your religion","Your sexual orientation","Your weight","Your height","Your age","Your race"],"174":"text","175":["Never","Once","2 - 5 times","More than 5 times"],"176":["Yes","No","Not Sure","Prefer Not to Answer"],"177":["Spouse, partner, boyfriend, girlfriend","Parent","Grandparent","Child","Sibling (brother or sister)","Co-worker","Friend","Neighbor"],"178":"text"}}